year,value,subseries_id,source_id,units
1947,-0.5999999999999996,AS003-A,SHAIKH_APP_6_8_I3,mixed_billions_usd_and_decimal_rates
1947,-1.3,AS003-B,SHAIKH_APP_6_8_I3,mixed_billions_usd_and_decimal_rates
1947,1.8999999999999997,AS003-C,SHAIKH_APP_6_8_I3,mixed_billions_usd_and_decimal_rates
1947,0.15326077364318283,AS003-D,SHAIKH_APP_6_8_I3,mixed_billions_usd_and_decimal_rates
1947,0.14106583072100312,AS003-E,SHAIKH_APP_6_8_I3,mixed_billions_usd_and_decimal_rates
1947,0.1818650882915308,AS003-F,SHAIKH_APP_6_8_I3,mixed_billions_usd_and_decimal_rates
1947,0.09717117903548299,AS003-G,SHAIKH_APP_6_8_I3,mixed_billions_usd_and_decimal_rates
1948,-0.8999999999999995,AS003-A,SHAIKH_APP_6_8_I3,mixed_billions_usd_and_decimal_rates
1948,-1.4,AS003-B,SHAIKH_APP_6_8_I3,mixed_billions_usd_and_decimal_rates
1948,2.2999999999999994,AS003-C,SHAIKH_APP_6_8_I3,mixed_billions_usd_and_decimal_rates
1948,0.16682196270405938,AS003-D,SHAIKH_APP_6_8_I3,mixed_billions_usd_and_decimal_rates
1948,0.15570752235665442,AS003-E,SHAIKH_APP_6_8_I3,mixed_billions_usd_and_decimal_rates
1948,0.19274656528125808,AS003-F,SHAIKH_APP_6_8_I3,mixed_billions_usd_and_decimal_rates
1948,0.11211277624676858,AS003-G,SHAIKH_APP_6_8_I3,mixed_billions_usd_and_decimal_rates
1949,-1.0999999999999988,AS003-A,SHAIKH_APP_6_8_I3,mixed_billions_usd_and_decimal_rates
1949,-1.4,AS003-B,SHAIKH_APP_6_8_I3,mixed_billions_usd_and_decimal_rates
1949,2.4999999999999987,AS003-C,SHAIKH_APP_6_8_I3,mixed_billions_usd_and_decimal_rates
1949,0.13992644659654974,AS003-D,SHAIKH_APP_6_8_I3,mixed_billions_usd_and_decimal_rates
1949,0.1326923076923077,AS003-E,SHAIKH_APP_6_8_I3,mixed_billions_usd_and_decimal_rates
1949,0.15683319819298053,AS003-F,SHAIKH_APP_6_8_I3,mixed_billions_usd_and_decimal_rates
1949,0.04827664461795853,AS003-G,SHAIKH_APP_6_8_I3,mixed_billions_usd_and_decimal_rates
1950,-1.0000000000000009,AS003-A,SHAIKH_APP_6_8_I3,mixed_billions_usd_and_decimal_rates
1950,-1.5999999999999999,AS003-B,SHAIKH_APP_6_8_I3,mixed_billions_usd_and_decimal_rates
1950,2.6000000000000005,AS003-C,SHAIKH_APP_6_8_I3,mixed_billions_usd_and_decimal_rates
1950,0.16765717438708103,AS003-D,SHAIKH_APP_6_8_I3,mixed_billions_usd_and_decimal_rates
1950,0.16211121583411875,AS003-E,SHAIKH_APP_6_8_I3,mixed_billions_usd_and_decimal_rates
1950,0.1806038455085178,AS003-F,SHAIKH_APP_6_8_I3,mixed_billions_usd_and_decimal_rates
1950,0.06117878611871503,AS003-G,SHAIKH_APP_6_8_I3,mixed_billions_usd_and_decimal_rates
1951,-1.2999999999999998,AS003-A,SHAIKH_APP_6_8_I3,mixed_billions_usd_and_decimal_rates
1951,-1.6999999999999997,AS003-B,SHAIKH_APP_6_8_I3,mixed_billions_usd_and_decimal_rates
1951,2.9999999999999996,AS003-C,SHAIKH_APP_6_8_I3,mixed_billions_usd_and_decimal_rates
1951,0.16818787317315273,AS003-D,SHAIKH_APP_6_8_I3,mixed_billions_usd_and_decimal_rates
1951,0.16414777497900926,AS003-E,SHAIKH_APP_6_8_I3,mixed_billions_usd_and_decimal_rates
1951,0.1775401704505578,AS003-F,SHAIKH_APP_6_8_I3,mixed_billions_usd_and_decimal_rates
1951,0.08705105904533114,AS003-G,SHAIKH_APP_6_8_I3,mixed_billions_usd_and_decimal_rates
1952,-1.4000000000000012,AS003-A,SHAIKH_APP_6_8_I3,mixed_billions_usd_and_decimal_rates
1952,-1.9,AS003-B,SHAIKH_APP_6_8_I3,mixed_billions_usd_and_decimal_rates
1952,3.300000000000001,AS003-C,SHAIKH_APP_6_8_I3,mixed_billions_usd_and_decimal_rates
1952,0.14647356224627878,AS003-D,SHAIKH_APP_6_8_I3,mixed_billions_usd_and_decimal_rates
1952,0.143244289585753,AS003-E,SHAIKH_APP_6_8_I3,mixed_billions_usd_and_decimal_rates
1952,0.15397465152877704,AS003-F,SHAIKH_APP_6_8_I3,mixed_billions_usd_and_decimal_rates
1952,0.06788948142598104,AS003-G,SHAIKH_APP_6_8_I3,mixed_billions_usd_and_decimal_rates
1953,-1.1999999999999975,AS003-A,SHAIKH_APP_6_8_I3,mixed_billions_usd_and_decimal_rates
1953,-2.1,AS003-B,SHAIKH_APP_6_8_I3,mixed_billions_usd_and_decimal_rates
1953,3.2999999999999976,AS003-C,SHAIKH_APP_6_8_I3,mixed_billions_usd_and_decimal_rates
1953,0.13792492383728228,AS003-D,SHAIKH_APP_6_8_I3,mixed_billions_usd_and_decimal_rates
1953,0.13653001464128842,AS003-E,SHAIKH_APP_6_8_I3,mixed_billions_usd_and_decimal_rates
1953,0.14125030945984354,AS003-F,SHAIKH_APP_6_8_I3,mixed_billions_usd_and_decimal_rates
1953,0.04381373383925669,AS003-G,SHAIKH_APP_6_8_I3,mixed_billions_usd_and_decimal_rates
1954,-1.4000000000000004,AS003-A,SHAIKH_APP_6_8_I3,mixed_billions_usd_and_decimal_rates
1954,-2.1,AS003-B,SHAIKH_APP_6_8_I3,mixed_billions_usd_and_decimal_rates
1954,3.5000000000000004,AS003-C,SHAIKH_APP_6_8_I3,mixed_billions_usd_and_decimal_rates
1954,0.13014671477527348,AS003-D,SHAIKH_APP_6_8_I3,mixed_billions_usd_and_decimal_rates
1954,0.1269619811649808,AS003-E,SHAIKH_APP_6_8_I3,mixed_billions_usd_and_decimal_rates
1954,0.13798416650120404,AS003-F,SHAIKH_APP_6_8_I3,mixed_billions_usd_and_decimal_rates
1954,0.041934849558125535,AS003-G,SHAIKH_APP_6_8_I3,mixed_billions_usd_and_decimal_rates
1955,-1.6000000000000032,AS003-A,SHAIKH_APP_6_8_I3,mixed_billions_usd_and_decimal_rates
1955,-2.2,AS003-B,SHAIKH_APP_6_8_I3,mixed_billions_usd_and_decimal_rates
1955,3.8000000000000034,AS003-C,SHAIKH_APP_6_8_I3,mixed_billions_usd_and_decimal_rates
1955,0.15867832664343182,AS003-D,SHAIKH_APP_6_8_I3,mixed_billions_usd_and_decimal_rates
1955,0.15796610169491526,AS003-E,SHAIKH_APP_6_8_I3,mixed_billions_usd_and_decimal_rates
1955,0.16045738134125054,AS003-F,SHAIKH_APP_6_8_I3,mixed_billions_usd_and_decimal_rates
1955,0.04831345736301058,AS003-G,SHAIKH_APP_6_8_I3,mixed_billions_usd_and_decimal_rates
1956,-1.6000000000000014,AS003-A,SHAIKH_APP_6_8_I3,mixed_billions_usd_and_decimal_rates
1956,-2.5999999999999996,AS003-B,SHAIKH_APP_6_8_I3,mixed_billions_usd_and_decimal_rates
1956,4.200000000000001,AS003-C,SHAIKH_APP_6_8_I3,mixed_billions_usd_and_decimal_rates
1956,0.1399365360490001,AS003-D,SHAIKH_APP_6_8_I3,mixed_billions_usd_and_decimal_rates
1956,0.13920542038805053,AS003-E,SHAIKH_APP_6_8_I3,mixed_billions_usd_and_decimal_rates
1956,0.14180577427821528,AS003-F,SHAIKH_APP_6_8_I3,mixed_billions_usd_and_decimal_rates
1956,0.04599567926227179,AS003-G,SHAIKH_APP_6_8_I3,mixed_billions_usd_and_decimal_rates
1957,-1.9000000000000004,AS003-A,SHAIKH_APP_6_8_I3,mixed_billions_usd_and_decimal_rates
1957,-2.9000000000000004,AS003-B,SHAIKH_APP_6_8_I3,mixed_billions_usd_and_decimal_rates
1957,4.800000000000001,AS003-C,SHAIKH_APP_6_8_I3,mixed_billions_usd_and_decimal_rates
1957,0.12583529248271272,AS003-D,SHAIKH_APP_6_8_I3,mixed_billions_usd_and_decimal_rates
1957,0.12361111111111112,AS003-E,SHAIKH_APP_6_8_I3,mixed_billions_usd_and_decimal_rates
1957,0.13178849169294746,AS003-F,SHAIKH_APP_6_8_I3,mixed_billions_usd_and_decimal_rates
1957,0.049582374272256646,AS003-G,SHAIKH_APP_6_8_I3,mixed_billions_usd_and_decimal_rates
1958,-2.1999999999999993,AS003-A,SHAIKH_APP_6_8_I3,mixed_billions_usd_and_decimal_rates
1958,-2.9000000000000004,AS003-B,SHAIKH_APP_6_8_I3,mixed_billions_usd_and_decimal_rates
1958,5.1,AS003-C,SHAIKH_APP_6_8_I3,mixed_billions_usd_and_decimal_rates
1958,0.10828328829493139,AS003-D,SHAIKH_APP_6_8_I3,mixed_billions_usd_and_decimal_rates
1958,0.10334110334110333,AS003-E,SHAIKH_APP_6_8_I3,mixed_billions_usd_and_decimal_rates
1958,0.12201118477459337,AS003-F,SHAIKH_APP_6_8_I3,mixed_billions_usd_and_decimal_rates
1958,0.062340222650171896,AS003-G,SHAIKH_APP_6_8_I3,mixed_billions_usd_and_decimal_rates
1959,-3.0,AS003-A,SHAIKH_APP_6_8_I3,mixed_billions_usd_and_decimal_rates
1959,-3.1,AS003-B,SHAIKH_APP_6_8_I3,mixed_billions_usd_and_decimal_rates
1959,6.1,AS003-C,SHAIKH_APP_6_8_I3,mixed_billions_usd_and_decimal_rates
1959,0.13229569446408443,AS003-D,SHAIKH_APP_6_8_I3,mixed_billions_usd_and_decimal_rates
1959,0.1298602287166455,AS003-E,SHAIKH_APP_6_8_I3,mixed_billions_usd_and_decimal_rates
1959,0.139107036124477,AS003-F,SHAIKH_APP_6_8_I3,mixed_billions_usd_and_decimal_rates
1959,0.052217612007666434,AS003-G,SHAIKH_APP_6_8_I3,mixed_billions_usd_and_decimal_rates
1960,-3.3999999999999986,AS003-A,SHAIKH_APP_6_8_I3,mixed_billions_usd_and_decimal_rates
1960,-3.5,AS003-B,SHAIKH_APP_6_8_I3,mixed_billions_usd_and_decimal_rates
1960,6.899999999999999,AS003-C,SHAIKH_APP_6_8_I3,mixed_billions_usd_and_decimal_rates
1960,0.12354481160659485,AS003-D,SHAIKH_APP_6_8_I3,mixed_billions_usd_and_decimal_rates
1960,0.12177301509985386,AS003-E,SHAIKH_APP_6_8_I3,mixed_billions_usd_and_decimal_rates
1960,0.12860743962098486,AS003-F,SHAIKH_APP_6_8_I3,mixed_billions_usd_and_decimal_rates
1960,0.04815842898501558,AS003-G,SHAIKH_APP_6_8_I3,mixed_billions_usd_and_decimal_rates
1961,-3.300000000000008,AS003-A,SHAIKH_APP_6_8_I3,mixed_billions_usd_and_decimal_rates
1961,-3.5999999999999996,AS003-B,SHAIKH_APP_6_8_I3,mixed_billions_usd_and_decimal_rates
1961,6.9000000000000075,AS003-C,SHAIKH_APP_6_8_I3,mixed_billions_usd_and_decimal_rates
1961,0.12343224124638312,AS003-D,SHAIKH_APP_6_8_I3,mixed_billions_usd_and_decimal_rates
1961,0.12153772683858644,AS003-E,SHAIKH_APP_6_8_I3,mixed_billions_usd_and_decimal_rates
1961,0.1288740974465563,AS003-F,SHAIKH_APP_6_8_I3,mixed_billions_usd_and_decimal_rates
1961,0.05983152492554435,AS003-G,SHAIKH_APP_6_8_I3,mixed_billions_usd_and_decimal_rates
1962,-3.6000000000000014,AS003-A,SHAIKH_APP_6_8_I3,mixed_billions_usd_and_decimal_rates
1962,-3.8,AS003-B,SHAIKH_APP_6_8_I3,mixed_billions_usd_and_decimal_rates
1962,7.400000000000001,AS003-C,SHAIKH_APP_6_8_I3,mixed_billions_usd_and_decimal_rates
1962,0.13679400427077842,AS003-D,SHAIKH_APP_6_8_I3,mixed_billions_usd_and_decimal_rates
1962,0.13656490328594734,AS003-E,SHAIKH_APP_6_8_I3,mixed_billions_usd_and_decimal_rates
1962,0.13745511545161915,AS003-F,SHAIKH_APP_6_8_I3,mixed_billions_usd_and_decimal_rates
1962,0.0657039005024041,AS003-G,SHAIKH_APP_6_8_I3,mixed_billions_usd_and_decimal_rates
1963,-4.300000000000004,AS003-A,SHAIKH_APP_6_8_I3,mixed_billions_usd_and_decimal_rates
1963,-3.8999999999999995,AS003-B,SHAIKH_APP_6_8_I3,mixed_billions_usd_and_decimal_rates
1963,8.200000000000003,AS003-C,SHAIKH_APP_6_8_I3,mixed_billions_usd_and_decimal_rates
1963,0.1441026105799619,AS003-D,SHAIKH_APP_6_8_I3,mixed_billions_usd_and_decimal_rates
1963,0.1451794987581847,AS003-E,SHAIKH_APP_6_8_I3,mixed_billions_usd_and_decimal_rates
1963,0.1409852656509758,AS003-F,SHAIKH_APP_6_8_I3,mixed_billions_usd_and_decimal_rates
1963,0.0716984469881944,AS003-G,SHAIKH_APP_6_8_I3,mixed_billions_usd_and_decimal_rates
1964,-4.299999999999997,AS003-A,SHAIKH_APP_6_8_I3,mixed_billions_usd_and_decimal_rates
1964,-4.1000000000000005,AS003-B,SHAIKH_APP_6_8_I3,mixed_billions_usd_and_decimal_rates
1964,8.399999999999999,AS003-C,SHAIKH_APP_6_8_I3,mixed_billions_usd_and_decimal_rates
1964,0.15359940889398827,AS003-D,SHAIKH_APP_6_8_I3,mixed_billions_usd_and_decimal_rates
1964,0.15557986870897153,AS003-E,SHAIKH_APP_6_8_I3,mixed_billions_usd_and_decimal_rates
1964,0.14783463096120253,AS003-F,SHAIKH_APP_6_8_I3,mixed_billions_usd_and_decimal_rates
1964,0.07660615614610405,AS003-G,SHAIKH_APP_6_8_I3,mixed_billions_usd_and_decimal_rates
1965,-4.700000000000003,AS003-A,SHAIKH_APP_6_8_I3,mixed_billions_usd_and_decimal_rates
1965,-4.4,AS003-B,SHAIKH_APP_6_8_I3,mixed_billions_usd_and_decimal_rates
1965,9.100000000000003,AS003-C,SHAIKH_APP_6_8_I3,mixed_billions_usd_and_decimal_rates
1965,0.16562060705459006,AS003-D,SHAIKH_APP_6_8_I3,mixed_billions_usd_and_decimal_rates
1965,0.16956882255389719,AS003-E,SHAIKH_APP_6_8_I3,mixed_billions_usd_and_decimal_rates
1965,0.15416769570843394,AS003-F,SHAIKH_APP_6_8_I3,mixed_billions_usd_and_decimal_rates
1965,0.09421974057894193,AS003-G,SHAIKH_APP_6_8_I3,mixed_billions_usd_and_decimal_rates
1966,-4.799999999999997,AS003-A,SHAIKH_APP_6_8_I3,mixed_billions_usd_and_decimal_rates
1966,-5.1,AS003-B,SHAIKH_APP_6_8_I3,mixed_billions_usd_and_decimal_rates
1966,9.899999999999997,AS003-C,SHAIKH_APP_6_8_I3,mixed_billions_usd_and_decimal_rates
1966,0.16579439004646634,AS003-D,SHAIKH_APP_6_8_I3,mixed_billions_usd_and_decimal_rates
1966,0.17064184603451618,AS003-E,SHAIKH_APP_6_8_I3,mixed_billions_usd_and_decimal_rates
1966,0.15157463434090718,AS003-F,SHAIKH_APP_6_8_I3,mixed_billions_usd_and_decimal_rates
1966,0.1090899307784345,AS003-G,SHAIKH_APP_6_8_I3,mixed_billions_usd_and_decimal_rates
1967,-4.399999999999999,AS003-A,SHAIKH_APP_6_8_I3,mixed_billions_usd_and_decimal_rates
1967,-5.6,AS003-B,SHAIKH_APP_6_8_I3,mixed_billions_usd_and_decimal_rates
1967,9.999999999999998,AS003-C,SHAIKH_APP_6_8_I3,mixed_billions_usd_and_decimal_rates
1967,0.1473738918618074,AS003-D,SHAIKH_APP_6_8_I3,mixed_billions_usd_and_decimal_rates
1967,0.1520926090828139,AS003-E,SHAIKH_APP_6_8_I3,mixed_billions_usd_and_decimal_rates
1967,0.13339204637581728,AS003-F,SHAIKH_APP_6_8_I3,mixed_billions_usd_and_decimal_rates
1967,0.10220824113537616,AS003-G,SHAIKH_APP_6_8_I3,mixed_billions_usd_and_decimal_rates
1968,-5.799999999999997,AS003-A,SHAIKH_APP_6_8_I3,mixed_billions_usd_and_decimal_rates
1968,-6.5,AS003-B,SHAIKH_APP_6_8_I3,mixed_billions_usd_and_decimal_rates
1968,12.299999999999997,AS003-C,SHAIKH_APP_6_8_I3,mixed_billions_usd_and_decimal_rates
1968,0.14522282480795876,AS003-D,SHAIKH_APP_6_8_I3,mixed_billions_usd_and_decimal_rates
1968,0.15050936575747617,AS003-E,SHAIKH_APP_6_8_I3,mixed_billions_usd_and_decimal_rates
1968,0.12923977055124594,AS003-F,SHAIKH_APP_6_8_I3,mixed_billions_usd_and_decimal_rates
1968,0.10293395398378039,AS003-G,SHAIKH_APP_6_8_I3,mixed_billions_usd_and_decimal_rates
1969,-5.000000000000007,AS003-A,SHAIKH_APP_6_8_I3,mixed_billions_usd_and_decimal_rates
1969,-7.7,AS003-B,SHAIKH_APP_6_8_I3,mixed_billions_usd_and_decimal_rates
1969,12.700000000000006,AS003-C,SHAIKH_APP_6_8_I3,mixed_billions_usd_and_decimal_rates
1969,0.1256366408086168,AS003-D,SHAIKH_APP_6_8_I3,mixed_billions_usd_and_decimal_rates
1969,0.13115487914055507,AS003-E,SHAIKH_APP_6_8_I3,mixed_billions_usd_and_decimal_rates
1969,0.10896250496522171,AS003-F,SHAIKH_APP_6_8_I3,mixed_billions_usd_and_decimal_rates
1969,0.08807175173233185,AS003-G,SHAIKH_APP_6_8_I3,mixed_billions_usd_and_decimal_rates
1970,-5.400000000000013,AS003-A,SHAIKH_APP_6_8_I3,mixed_billions_usd_and_decimal_rates
1970,-8.5,AS003-B,SHAIKH_APP_6_8_I3,mixed_billions_usd_and_decimal_rates
1970,13.900000000000013,AS003-C,SHAIKH_APP_6_8_I3,mixed_billions_usd_and_decimal_rates
1970,0.09778880570710857,AS003-D,SHAIKH_APP_6_8_I3,mixed_billions_usd_and_decimal_rates
1970,0.1020988490182803,AS003-E,SHAIKH_APP_6_8_I3,mixed_billions_usd_and_decimal_rates
1970,0.08474920314545223,AS003-F,SHAIKH_APP_6_8_I3,mixed_billions_usd_and_decimal_rates
1970,0.07226148028146148,AS003-G,SHAIKH_APP_6_8_I3,mixed_billions_usd_and_decimal_rates
1971,-6.1000000000000085,AS003-A,SHAIKH_APP_6_8_I3,mixed_billions_usd_and_decimal_rates
1971,-8.700000000000001,AS003-B,SHAIKH_APP_6_8_I3,mixed_billions_usd_and_decimal_rates
1971,14.80000000000001,AS003-C,SHAIKH_APP_6_8_I3,mixed_billions_usd_and_decimal_rates
1971,0.10347739383254609,AS003-D,SHAIKH_APP_6_8_I3,mixed_billions_usd_and_decimal_rates
1971,0.10850043055726412,AS003-E,SHAIKH_APP_6_8_I3,mixed_billions_usd_and_decimal_rates
1971,0.0882015743281566,AS003-F,SHAIKH_APP_6_8_I3,mixed_billions_usd_and_decimal_rates
1971,0.07255287032088248,AS003-G,SHAIKH_APP_6_8_I3,mixed_billions_usd_and_decimal_rates
1972,-7.299999999999983,AS003-A,SHAIKH_APP_6_8_I3,mixed_billions_usd_and_decimal_rates
1972,-9.5,AS003-B,SHAIKH_APP_6_8_I3,mixed_billions_usd_and_decimal_rates
1972,16.799999999999983,AS003-C,SHAIKH_APP_6_8_I3,mixed_billions_usd_and_decimal_rates
1972,0.10785305245275689,AS003-D,SHAIKH_APP_6_8_I3,mixed_billions_usd_and_decimal_rates
1972,0.11422486268355565,AS003-E,SHAIKH_APP_6_8_I3,mixed_billions_usd_and_decimal_rates
1972,0.08897463363211403,AS003-F,SHAIKH_APP_6_8_I3,mixed_billions_usd_and_decimal_rates
1972,0.08409766714366945,AS003-G,SHAIKH_APP_6_8_I3,mixed_billions_usd_and_decimal_rates
1973,-8.700000000000003,AS003-A,SHAIKH_APP_6_8_I3,mixed_billions_usd_and_decimal_rates
1973,-11.3,AS003-B,SHAIKH_APP_6_8_I3,mixed_billions_usd_and_decimal_rates
1973,20.000000000000004,AS003-C,SHAIKH_APP_6_8_I3,mixed_billions_usd_and_decimal_rates
1973,0.10674935796748831,AS003-D,SHAIKH_APP_6_8_I3,mixed_billions_usd_and_decimal_rates
1973,0.11309462387782478,AS003-E,SHAIKH_APP_6_8_I3,mixed_billions_usd_and_decimal_rates
1973,0.08850248202176991,AS003-F,SHAIKH_APP_6_8_I3,mixed_billions_usd_and_decimal_rates
1973,0.11030056050546579,AS003-G,SHAIKH_APP_6_8_I3,mixed_billions_usd_and_decimal_rates
1974,-6.800000000000011,AS003-A,SHAIKH_APP_6_8_I3,mixed_billions_usd_and_decimal_rates
1974,-13.7,AS003-B,SHAIKH_APP_6_8_I3,mixed_billions_usd_and_decimal_rates
1974,20.50000000000001,AS003-C,SHAIKH_APP_6_8_I3,mixed_billions_usd_and_decimal_rates
1974,0.0833658970464559,AS003-D,SHAIKH_APP_6_8_I3,mixed_billions_usd_and_decimal_rates
1974,0.08929713920116993,AS003-E,SHAIKH_APP_6_8_I3,mixed_billions_usd_and_decimal_rates
1974,0.06651038525042316,AS003-F,SHAIKH_APP_6_8_I3,mixed_billions_usd_and_decimal_rates
1974,0.07370171291171534,AS003-G,SHAIKH_APP_6_8_I3,mixed_billions_usd_and_decimal_rates
1975,-5.000000000000028,AS003-A,SHAIKH_APP_6_8_I3,mixed_billions_usd_and_decimal_rates
1975,-13.700000000000001,AS003-B,SHAIKH_APP_6_8_I3,mixed_billions_usd_and_decimal_rates
1975,18.70000000000003,AS003-C,SHAIKH_APP_6_8_I3,mixed_billions_usd_and_decimal_rates
1975,0.08300481829922715,AS003-D,SHAIKH_APP_6_8_I3,mixed_billions_usd_and_decimal_rates
1975,0.0883776338321793,AS003-E,SHAIKH_APP_6_8_I3,mixed_billions_usd_and_decimal_rates
1975,0.06718322535402207,AS003-F,SHAIKH_APP_6_8_I3,mixed_billions_usd_and_decimal_rates
1975,0.05976442640347896,AS003-G,SHAIKH_APP_6_8_I3,mixed_billions_usd_and_decimal_rates
1976,-7.200000000000017,AS003-A,SHAIKH_APP_6_8_I3,mixed_billions_usd_and_decimal_rates
1976,-15.3,AS003-B,SHAIKH_APP_6_8_I3,mixed_billions_usd_and_decimal_rates
1976,22.500000000000018,AS003-C,SHAIKH_APP_6_8_I3,mixed_billions_usd_and_decimal_rates
1976,0.09118663259961629,AS003-D,SHAIKH_APP_6_8_I3,mixed_billions_usd_and_decimal_rates
1976,0.09723245996113382,AS003-E,SHAIKH_APP_6_8_I3,mixed_billions_usd_and_decimal_rates
1976,0.07289346923466777,AS003-F,SHAIKH_APP_6_8_I3,mixed_billions_usd_and_decimal_rates
1976,0.06549361989509617,AS003-G,SHAIKH_APP_6_8_I3,mixed_billions_usd_and_decimal_rates
1977,-5.099999999999994,AS003-A,SHAIKH_APP_6_8_I3,mixed_billions_usd_and_decimal_rates
1977,-17.1,AS003-B,SHAIKH_APP_6_8_I3,mixed_billions_usd_and_decimal_rates
1977,22.199999999999996,AS003-C,SHAIKH_APP_6_8_I3,mixed_billions_usd_and_decimal_rates
1977,0.09827301428781315,AS003-D,SHAIKH_APP_6_8_I3,mixed_billions_usd_and_decimal_rates
1977,0.10526636596367182,AS003-E,SHAIKH_APP_6_8_I3,mixed_billions_usd_and_decimal_rates
1977,0.07681156131472344,AS003-F,SHAIKH_APP_6_8_I3,mixed_billions_usd_and_decimal_rates
1977,0.0648112339839477,AS003-G,SHAIKH_APP_6_8_I3,mixed_billions_usd_and_decimal_rates
1978,-5.800000000000011,AS003-A,SHAIKH_APP_6_8_I3,mixed_billions_usd_and_decimal_rates
1978,-21.2,AS003-B,SHAIKH_APP_6_8_I3,mixed_billions_usd_and_decimal_rates
1978,27.00000000000001,AS003-C,SHAIKH_APP_6_8_I3,mixed_billions_usd_and_decimal_rates
1978,0.0994316245376604,AS003-D,SHAIKH_APP_6_8_I3,mixed_billions_usd_and_decimal_rates
1978,0.10710179050539342,AS003-E,SHAIKH_APP_6_8_I3,mixed_billions_usd_and_decimal_rates
1978,0.0762010704632478,AS003-F,SHAIKH_APP_6_8_I3,mixed_billions_usd_and_decimal_rates
1978,0.06904317482981459,AS003-G,SHAIKH_APP_6_8_I3,mixed_billions_usd_and_decimal_rates
1979,-7.0,AS003-A,SHAIKH_APP_6_8_I3,mixed_billions_usd_and_decimal_rates
1979,-26.2,AS003-B,SHAIKH_APP_6_8_I3,mixed_billions_usd_and_decimal_rates
1979,33.2,AS003-C,SHAIKH_APP_6_8_I3,mixed_billions_usd_and_decimal_rates
1979,0.08511630625757287,AS003-D,SHAIKH_APP_6_8_I3,mixed_billions_usd_and_decimal_rates
1979,0.09179302045728038,AS003-E,SHAIKH_APP_6_8_I3,mixed_billions_usd_and_decimal_rates
1979,0.06483131978507752,AS003-F,SHAIKH_APP_6_8_I3,mixed_billions_usd_and_decimal_rates
1979,0.05720109817203349,AS003-G,SHAIKH_APP_6_8_I3,mixed_billions_usd_and_decimal_rates
1980,1.8000000000000114,AS003-A,SHAIKH_APP_6_8_I3,mixed_billions_usd_and_decimal_rates
1980,-31.7,AS003-B,SHAIKH_APP_6_8_I3,mixed_billions_usd_and_decimal_rates
1980,29.899999999999988,AS003-C,SHAIKH_APP_6_8_I3,mixed_billions_usd_and_decimal_rates
1980,0.0634882153132117,AS003-D,SHAIKH_APP_6_8_I3,mixed_billions_usd_and_decimal_rates
1980,0.06929659778751826,AS003-E,SHAIKH_APP_6_8_I3,mixed_billions_usd_and_decimal_rates
1980,0.04593557217305603,AS003-F,SHAIKH_APP_6_8_I3,mixed_billions_usd_and_decimal_rates
1980,0.016248951734750113,AS003-G,SHAIKH_APP_6_8_I3,mixed_billions_usd_and_decimal_rates
1981,10.500000000000057,AS003-A,SHAIKH_APP_6_8_I3,mixed_billions_usd_and_decimal_rates
1981,-37.7,AS003-B,SHAIKH_APP_6_8_I3,mixed_billions_usd_and_decimal_rates
1981,27.199999999999946,AS003-C,SHAIKH_APP_6_8_I3,mixed_billions_usd_and_decimal_rates
1981,0.06387123467303782,AS003-D,SHAIKH_APP_6_8_I3,mixed_billions_usd_and_decimal_rates
1981,0.070211068397766,AS003-E,SHAIKH_APP_6_8_I3,mixed_billions_usd_and_decimal_rates
1981,0.04450549022575133,AS003-F,SHAIKH_APP_6_8_I3,mixed_billions_usd_and_decimal_rates
1981,0.005033445300482161,AS003-G,SHAIKH_APP_6_8_I3,mixed_billions_usd_and_decimal_rates
1982,12.5,AS003-A,SHAIKH_APP_6_8_I3,mixed_billions_usd_and_decimal_rates
1982,-40.699999999999996,AS003-B,SHAIKH_APP_6_8_I3,mixed_billions_usd_and_decimal_rates
1982,28.199999999999996,AS003-C,SHAIKH_APP_6_8_I3,mixed_billions_usd_and_decimal_rates
1982,0.05027046553056581,AS003-D,SHAIKH_APP_6_8_I3,mixed_billions_usd_and_decimal_rates
1982,0.055445227418321585,AS003-E,SHAIKH_APP_6_8_I3,mixed_billions_usd_and_decimal_rates
1982,0.03438647515245792,AS003-F,SHAIKH_APP_6_8_I3,mixed_billions_usd_and_decimal_rates
1982,-0.019963524497086552,AS003-G,SHAIKH_APP_6_8_I3,mixed_billions_usd_and_decimal_rates
1983,9.700000000000102,AS003-A,SHAIKH_APP_6_8_I3,mixed_billions_usd_and_decimal_rates
1983,-34.5,AS003-B,SHAIKH_APP_6_8_I3,mixed_billions_usd_and_decimal_rates
1983,24.799999999999898,AS003-C,SHAIKH_APP_6_8_I3,mixed_billions_usd_and_decimal_rates
1983,0.06124482217331941,AS003-D,SHAIKH_APP_6_8_I3,mixed_billions_usd_and_decimal_rates
1983,0.06780478976895699,AS003-E,SHAIKH_APP_6_8_I3,mixed_billions_usd_and_decimal_rates
1983,0.0412843627693392,AS003-F,SHAIKH_APP_6_8_I3,mixed_billions_usd_and_decimal_rates
1983,-0.018979437066893777,AS003-G,SHAIKH_APP_6_8_I3,mixed_billions_usd_and_decimal_rates
1984,12.800000000000068,AS003-A,SHAIKH_APP_6_8_I3,mixed_billions_usd_and_decimal_rates
1984,-39.900000000000006,AS003-B,SHAIKH_APP_6_8_I3,mixed_billions_usd_and_decimal_rates
1984,27.099999999999937,AS003-C,SHAIKH_APP_6_8_I3,mixed_billions_usd_and_decimal_rates
1984,0.07505893208089852,AS003-D,SHAIKH_APP_6_8_I3,mixed_billions_usd_and_decimal_rates
1984,0.08265916285613789,AS003-E,SHAIKH_APP_6_8_I3,mixed_billions_usd_and_decimal_rates
1984,0.05205596249891961,AS003-F,SHAIKH_APP_6_8_I3,mixed_billions_usd_and_decimal_rates
1984,0.006456934667745697,AS003-G,SHAIKH_APP_6_8_I3,mixed_billions_usd_and_decimal_rates
1985,5.300000000000068,AS003-A,SHAIKH_APP_6_8_I3,mixed_billions_usd_and_decimal_rates
1985,-38.5,AS003-B,SHAIKH_APP_6_8_I3,mixed_billions_usd_and_decimal_rates
1985,33.19999999999993,AS003-C,SHAIKH_APP_6_8_I3,mixed_billions_usd_and_decimal_rates
1985,0.07393880200939584,AS003-D,SHAIKH_APP_6_8_I3,mixed_billions_usd_and_decimal_rates
1985,0.08145422350109287,AS003-E,SHAIKH_APP_6_8_I3,mixed_billions_usd_and_decimal_rates
1985,0.051162525053634805,AS003-F,SHAIKH_APP_6_8_I3,mixed_billions_usd_and_decimal_rates
1985,0.010435251525826047,AS003-G,SHAIKH_APP_6_8_I3,mixed_billions_usd_and_decimal_rates
1986,7.900000000000091,AS003-A,SHAIKH_APP_6_8_I3,mixed_billions_usd_and_decimal_rates
1986,-40.8,AS003-B,SHAIKH_APP_6_8_I3,mixed_billions_usd_and_decimal_rates
1986,32.899999999999906,AS003-C,SHAIKH_APP_6_8_I3,mixed_billions_usd_and_decimal_rates
1986,0.06548724181160212,AS003-D,SHAIKH_APP_6_8_I3,mixed_billions_usd_and_decimal_rates
1986,0.07199391969808155,AS003-E,SHAIKH_APP_6_8_I3,mixed_billions_usd_and_decimal_rates
1986,0.04586280094238157,AS003-F,SHAIKH_APP_6_8_I3,mixed_billions_usd_and_decimal_rates
1986,0.013947983003658593,AS003-G,SHAIKH_APP_6_8_I3,mixed_billions_usd_and_decimal_rates
1987,11.899999999999977,AS003-A,SHAIKH_APP_6_8_I3,mixed_billions_usd_and_decimal_rates
1987,-49.9,AS003-B,SHAIKH_APP_6_8_I3,mixed_billions_usd_and_decimal_rates
1987,38.00000000000002,AS003-C,SHAIKH_APP_6_8_I3,mixed_billions_usd_and_decimal_rates
1987,0.07270689420459894,AS003-D,SHAIKH_APP_6_8_I3,mixed_billions_usd_and_decimal_rates
1987,0.08022275737507525,AS003-E,SHAIKH_APP_6_8_I3,mixed_billions_usd_and_decimal_rates
1987,0.05049034597474076,AS003-F,SHAIKH_APP_6_8_I3,mixed_billions_usd_and_decimal_rates
1987,0.023308233294452214,AS003-G,SHAIKH_APP_6_8_I3,mixed_billions_usd_and_decimal_rates
1988,-0.20000000000004547,AS003-A,SHAIKH_APP_6_8_I3,mixed_billions_usd_and_decimal_rates
1988,-56.2,AS003-B,SHAIKH_APP_6_8_I3,mixed_billions_usd_and_decimal_rates
1988,56.40000000000005,AS003-C,SHAIKH_APP_6_8_I3,mixed_billions_usd_and_decimal_rates
1988,0.08039051801644775,AS003-D,SHAIKH_APP_6_8_I3,mixed_billions_usd_and_decimal_rates
1988,0.08811328851380346,AS003-E,SHAIKH_APP_6_8_I3,mixed_billions_usd_and_decimal_rates
1988,0.05758752412076407,AS003-F,SHAIKH_APP_6_8_I3,mixed_billions_usd_and_decimal_rates
1988,0.03547451910607891,AS003-G,SHAIKH_APP_6_8_I3,mixed_billions_usd_and_decimal_rates
1989,-3.800000000000068,AS003-A,SHAIKH_APP_6_8_I3,mixed_billions_usd_and_decimal_rates
1989,-61.0,AS003-B,SHAIKH_APP_6_8_I3,mixed_billions_usd_and_decimal_rates
1989,64.80000000000007,AS003-C,SHAIKH_APP_6_8_I3,mixed_billions_usd_and_decimal_rates
1989,0.07363181259298376,AS003-D,SHAIKH_APP_6_8_I3,mixed_billions_usd_and_decimal_rates
1989,0.08035694266944686,AS003-E,SHAIKH_APP_6_8_I3,mixed_billions_usd_and_decimal_rates
1989,0.05366193732398704,AS003-F,SHAIKH_APP_6_8_I3,mixed_billions_usd_and_decimal_rates
1989,0.03655767496635459,AS003-G,SHAIKH_APP_6_8_I3,mixed_billions_usd_and_decimal_rates
1990,-17.299999999999955,AS003-A,SHAIKH_APP_6_8_I3,mixed_billions_usd_and_decimal_rates
1990,-56.3,AS003-B,SHAIKH_APP_6_8_I3,mixed_billions_usd_and_decimal_rates
1990,73.59999999999995,AS003-C,SHAIKH_APP_6_8_I3,mixed_billions_usd_and_decimal_rates
1990,0.06978527770031989,AS003-D,SHAIKH_APP_6_8_I3,mixed_billions_usd_and_decimal_rates
1990,0.07583740663154108,AS003-E,SHAIKH_APP_6_8_I3,mixed_billions_usd_and_decimal_rates
1990,0.051546688160683245,AS003-F,SHAIKH_APP_6_8_I3,mixed_billions_usd_and_decimal_rates
1990,0.03315495347964201,AS003-G,SHAIKH_APP_6_8_I3,mixed_billions_usd_and_decimal_rates
1991,-37.0,AS003-A,SHAIKH_APP_6_8_I3,mixed_billions_usd_and_decimal_rates
1991,-49.2,AS003-B,SHAIKH_APP_6_8_I3,mixed_billions_usd_and_decimal_rates
1991,86.2,AS003-C,SHAIKH_APP_6_8_I3,mixed_billions_usd_and_decimal_rates
1991,0.07040193711907607,AS003-D,SHAIKH_APP_6_8_I3,mixed_billions_usd_and_decimal_rates
1991,0.0762881641157144,AS003-E,SHAIKH_APP_6_8_I3,mixed_billions_usd_and_decimal_rates
1991,0.052220197839113275,AS003-F,SHAIKH_APP_6_8_I3,mixed_billions_usd_and_decimal_rates
1991,0.019872606087336913,AS003-G,SHAIKH_APP_6_8_I3,mixed_billions_usd_and_decimal_rates
1992,-33.700000000000045,AS003-A,SHAIKH_APP_6_8_I3,mixed_billions_usd_and_decimal_rates
1992,-48.7,AS003-B,SHAIKH_APP_6_8_I3,mixed_billions_usd_and_decimal_rates
1992,82.40000000000005,AS003-C,SHAIKH_APP_6_8_I3,mixed_billions_usd_and_decimal_rates
1992,0.07723047290757071,AS003-D,SHAIKH_APP_6_8_I3,mixed_billions_usd_and_decimal_rates
1992,0.08288602437017592,AS003-E,SHAIKH_APP_6_8_I3,mixed_billions_usd_and_decimal_rates
1992,0.05950944412111527,AS003-F,SHAIKH_APP_6_8_I3,mixed_billions_usd_and_decimal_rates
1992,0.04435764785984204,AS003-G,SHAIKH_APP_6_8_I3,mixed_billions_usd_and_decimal_rates
1993,-26.399999999999977,AS003-A,SHAIKH_APP_6_8_I3,mixed_billions_usd_and_decimal_rates
1993,-55.4,AS003-B,SHAIKH_APP_6_8_I3,mixed_billions_usd_and_decimal_rates
1993,81.79999999999998,AS003-C,SHAIKH_APP_6_8_I3,mixed_billions_usd_and_decimal_rates
1993,0.08298300707610497,AS003-D,SHAIKH_APP_6_8_I3,mixed_billions_usd_and_decimal_rates
1993,0.08848953594176524,AS003-E,SHAIKH_APP_6_8_I3,mixed_billions_usd_and_decimal_rates
1993,0.06551575447710853,AS003-F,SHAIKH_APP_6_8_I3,mixed_billions_usd_and_decimal_rates
1993,0.049052693931526836,AS003-G,SHAIKH_APP_6_8_I3,mixed_billions_usd_and_decimal_rates
1994,-23.800000000000068,AS003-A,SHAIKH_APP_6_8_I3,mixed_billions_usd_and_decimal_rates
1994,-62.0,AS003-B,SHAIKH_APP_6_8_I3,mixed_billions_usd_and_decimal_rates
1994,85.80000000000007,AS003-C,SHAIKH_APP_6_8_I3,mixed_billions_usd_and_decimal_rates
1994,0.09370405567739336,AS003-D,SHAIKH_APP_6_8_I3,mixed_billions_usd_and_decimal_rates
1994,0.09963246609816594,AS003-E,SHAIKH_APP_6_8_I3,mixed_billions_usd_and_decimal_rates
1994,0.07457877720239005,AS003-F,SHAIKH_APP_6_8_I3,mixed_billions_usd_and_decimal_rates
1994,0.061811146027872674,AS003-G,SHAIKH_APP_6_8_I3,mixed_billions_usd_and_decimal_rates
1995,-48.10000000000002,AS003-A,SHAIKH_APP_6_8_I3,mixed_billions_usd_and_decimal_rates
1995,-66.2,AS003-B,SHAIKH_APP_6_8_I3,mixed_billions_usd_and_decimal_rates
1995,114.30000000000003,AS003-C,SHAIKH_APP_6_8_I3,mixed_billions_usd_and_decimal_rates
1995,0.10088422470264569,AS003-D,SHAIKH_APP_6_8_I3,mixed_billions_usd_and_decimal_rates
1995,0.10701468189233279,AS003-E,SHAIKH_APP_6_8_I3,mixed_billions_usd_and_decimal_rates
1995,0.0808220064142821,AS003-F,SHAIKH_APP_6_8_I3,mixed_billions_usd_and_decimal_rates
1995,0.07320229215939479,AS003-G,SHAIKH_APP_6_8_I3,mixed_billions_usd_and_decimal_rates
1996,-42.799999999999955,AS003-A,SHAIKH_APP_6_8_I3,mixed_billions_usd_and_decimal_rates
1996,-66.4,AS003-B,SHAIKH_APP_6_8_I3,mixed_billions_usd_and_decimal_rates
1996,109.19999999999996,AS003-C,SHAIKH_APP_6_8_I3,mixed_billions_usd_and_decimal_rates
1996,0.10846857867589456,AS003-D,SHAIKH_APP_6_8_I3,mixed_billions_usd_and_decimal_rates
1996,0.11364190210062872,AS003-E,SHAIKH_APP_6_8_I3,mixed_billions_usd_and_decimal_rates
1996,0.09119151412363684,AS003-F,SHAIKH_APP_6_8_I3,mixed_billions_usd_and_decimal_rates
1996,0.10153511683438281,AS003-G,SHAIKH_APP_6_8_I3,mixed_billions_usd_and_decimal_rates
1997,-29.90000000000009,AS003-A,SHAIKH_APP_6_8_I3,mixed_billions_usd_and_decimal_rates
1997,-70.8,AS003-B,SHAIKH_APP_6_8_I3,mixed_billions_usd_and_decimal_rates
1997,100.70000000000009,AS003-C,SHAIKH_APP_6_8_I3,mixed_billions_usd_and_decimal_rates
1997,0.11480490039290903,AS003-D,SHAIKH_APP_6_8_I3,mixed_billions_usd_and_decimal_rates
1997,0.12010568929818596,AS003-E,SHAIKH_APP_6_8_I3,mixed_billions_usd_and_decimal_rates
1997,0.09689727099521037,AS003-F,SHAIKH_APP_6_8_I3,mixed_billions_usd_and_decimal_rates
1997,0.11236246454661641,AS003-G,SHAIKH_APP_6_8_I3,mixed_billions_usd_and_decimal_rates
1998,-4.599999999999909,AS003-A,SHAIKH_APP_6_8_I3,mixed_billions_usd_and_decimal_rates
1998,-74.69999999999999,AS003-B,SHAIKH_APP_6_8_I3,mixed_billions_usd_and_decimal_rates
1998,79.2999999999999,AS003-C,SHAIKH_APP_6_8_I3,mixed_billions_usd_and_decimal_rates
1998,0.10012358173491831,AS003-D,SHAIKH_APP_6_8_I3,mixed_billions_usd_and_decimal_rates
1998,0.10387728516854261,AS003-E,SHAIKH_APP_6_8_I3,mixed_billions_usd_and_decimal_rates
1998,0.0873822874042026,AS003-F,SHAIKH_APP_6_8_I3,mixed_billions_usd_and_decimal_rates
1998,0.12930326563635472,AS003-G,SHAIKH_APP_6_8_I3,mixed_billions_usd_and_decimal_rates
1999,-25.600000000000364,AS003-A,SHAIKH_APP_6_8_I3,mixed_billions_usd_and_decimal_rates
1999,-79.4,AS003-B,SHAIKH_APP_6_8_I3,mixed_billions_usd_and_decimal_rates
1999,105.00000000000037,AS003-C,SHAIKH_APP_6_8_I3,mixed_billions_usd_and_decimal_rates
1999,0.09855717572234457,AS003-D,SHAIKH_APP_6_8_I3,mixed_billions_usd_and_decimal_rates
1999,0.10178413120567376,AS003-E,SHAIKH_APP_6_8_I3,mixed_billions_usd_and_decimal_rates
1999,0.08761184729476988,AS003-F,SHAIKH_APP_6_8_I3,mixed_billions_usd_and_decimal_rates
1999,0.14585421029508217,AS003-G,SHAIKH_APP_6_8_I3,mixed_billions_usd_and_decimal_rates
2000,-26.199999999999818,AS003-A,SHAIKH_APP_6_8_I3,mixed_billions_usd_and_decimal_rates
2000,-91.80000000000001,AS003-B,SHAIKH_APP_6_8_I3,mixed_billions_usd_and_decimal_rates
2000,117.99999999999983,AS003-C,SHAIKH_APP_6_8_I3,mixed_billions_usd_and_decimal_rates
2000,0.08595037563226843,AS003-D,SHAIKH_APP_6_8_I3,mixed_billions_usd_and_decimal_rates
2000,0.08803732699018467,AS003-E,SHAIKH_APP_6_8_I3,mixed_billions_usd_and_decimal_rates
2000,0.0788004670105765,AS003-F,SHAIKH_APP_6_8_I3,mixed_billions_usd_and_decimal_rates
2000,0.15632053770511006,AS003-G,SHAIKH_APP_6_8_I3,mixed_billions_usd_and_decimal_rates
2001,-43.399999999999864,AS003-A,SHAIKH_APP_6_8_I3,mixed_billions_usd_and_decimal_rates
2001,-94.0,AS003-B,SHAIKH_APP_6_8_I3,mixed_billions_usd_and_decimal_rates
2001,137.39999999999986,AS003-C,SHAIKH_APP_6_8_I3,mixed_billions_usd_and_decimal_rates
2001,0.07512367461174296,AS003-D,SHAIKH_APP_6_8_I3,mixed_billions_usd_and_decimal_rates
2001,0.07493080027801827,AS003-E,SHAIKH_APP_6_8_I3,mixed_billions_usd_and_decimal_rates
2001,0.07579715801608719,AS003-F,SHAIKH_APP_6_8_I3,mixed_billions_usd_and_decimal_rates
2001,0.16783864290857756,AS003-G,SHAIKH_APP_6_8_I3,mixed_billions_usd_and_decimal_rates
2002,-47.600000000000136,AS003-A,SHAIKH_APP_6_8_I3,mixed_billions_usd_and_decimal_rates
2002,-96.69999999999999,AS003-B,SHAIKH_APP_6_8_I3,mixed_billions_usd_and_decimal_rates
2002,144.30000000000013,AS003-C,SHAIKH_APP_6_8_I3,mixed_billions_usd_and_decimal_rates
2002,0.0833725002102658,AS003-D,SHAIKH_APP_6_8_I3,mixed_billions_usd_and_decimal_rates
2002,0.08271956642579209,AS003-E,SHAIKH_APP_6_8_I3,mixed_billions_usd_and_decimal_rates
2002,0.08566744233648176,AS003-F,SHAIKH_APP_6_8_I3,mixed_billions_usd_and_decimal_rates
2002,0.16632905342328855,AS003-G,SHAIKH_APP_6_8_I3,mixed_billions_usd_and_decimal_rates
2003,-48.39999999999998,AS003-A,SHAIKH_APP_6_8_I3,mixed_billions_usd_and_decimal_rates
2003,-103.1,AS003-B,SHAIKH_APP_6_8_I3,mixed_billions_usd_and_decimal_rates
2003,151.49999999999997,AS003-C,SHAIKH_APP_6_8_I3,mixed_billions_usd_and_decimal_rates
2003,0.09150249978089449,AS003-D,SHAIKH_APP_6_8_I3,mixed_billions_usd_and_decimal_rates
2003,0.09066648801348832,AS003-E,SHAIKH_APP_6_8_I3,mixed_billions_usd_and_decimal_rates
2003,0.09442754482043537,AS003-F,SHAIKH_APP_6_8_I3,mixed_billions_usd_and_decimal_rates
2003,0.16025443101765086,AS003-G,SHAIKH_APP_6_8_I3,mixed_billions_usd_and_decimal_rates
2004,-85.90000000000009,AS003-A,SHAIKH_APP_6_8_I3,mixed_billions_usd_and_decimal_rates
2004,-107.19999999999999,AS003-B,SHAIKH_APP_6_8_I3,mixed_billions_usd_and_decimal_rates
2004,193.10000000000008,AS003-C,SHAIKH_APP_6_8_I3,mixed_billions_usd_and_decimal_rates
2004,0.11473666441043635,AS003-D,SHAIKH_APP_6_8_I3,mixed_billions_usd_and_decimal_rates
2004,0.11341766089001133,AS003-E,SHAIKH_APP_6_8_I3,mixed_billions_usd_and_decimal_rates
2004,0.11927482693479305,AS003-F,SHAIKH_APP_6_8_I3,mixed_billions_usd_and_decimal_rates
2004,0.1827227868462975,AS003-G,SHAIKH_APP_6_8_I3,mixed_billions_usd_and_decimal_rates
2005,-86.60000000000014,AS003-A,SHAIKH_APP_6_8_I3,mixed_billions_usd_and_decimal_rates
2005,-118.69999999999999,AS003-B,SHAIKH_APP_6_8_I3,mixed_billions_usd_and_decimal_rates
2005,205.30000000000013,AS003-C,SHAIKH_APP_6_8_I3,mixed_billions_usd_and_decimal_rates
2005,0.1234104296665064,AS003-D,SHAIKH_APP_6_8_I3,mixed_billions_usd_and_decimal_rates
2005,0.12277107825823703,AS003-E,SHAIKH_APP_6_8_I3,mixed_billions_usd_and_decimal_rates
2005,0.12559363186507472,AS003-F,SHAIKH_APP_6_8_I3,mixed_billions_usd_and_decimal_rates
2005,0.17363239896339175,AS003-G,SHAIKH_APP_6_8_I3,mixed_billions_usd_and_decimal_rates
2006,-43.700000000000045,AS003-A,SHAIKH_APP_6_8_I3,mixed_billions_usd_and_decimal_rates
2006,-129.8,AS003-B,SHAIKH_APP_6_8_I3,mixed_billions_usd_and_decimal_rates
2006,173.50000000000006,AS003-C,SHAIKH_APP_6_8_I3,mixed_billions_usd_and_decimal_rates
2006,0.12623119434257124,AS003-D,SHAIKH_APP_6_8_I3,mixed_billions_usd_and_decimal_rates
2006,0.12550727598599595,AS003-E,SHAIKH_APP_6_8_I3,mixed_billions_usd_and_decimal_rates
2006,0.12868241440392275,AS003-F,SHAIKH_APP_6_8_I3,mixed_billions_usd_and_decimal_rates
2006,0.16895079707153965,AS003-G,SHAIKH_APP_6_8_I3,mixed_billions_usd_and_decimal_rates
2007,-68.20000000000027,AS003-A,SHAIKH_APP_6_8_I3,mixed_billions_usd_and_decimal_rates
2007,-127.4,AS003-B,SHAIKH_APP_6_8_I3,mixed_billions_usd_and_decimal_rates
2007,195.60000000000028,AS003-C,SHAIKH_APP_6_8_I3,mixed_billions_usd_and_decimal_rates
2007,0.10024037977267923,AS003-D,SHAIKH_APP_6_8_I3,mixed_billions_usd_and_decimal_rates
2007,0.09929879536639868,AS003-E,SHAIKH_APP_6_8_I3,mixed_billions_usd_and_decimal_rates
2007,0.10343912666977828,AS003-F,SHAIKH_APP_6_8_I3,mixed_billions_usd_and_decimal_rates
2007,0.14013310154950417,AS003-G,SHAIKH_APP_6_8_I3,mixed_billions_usd_and_decimal_rates
2008,81.00000000000023,AS003-A,SHAIKH_APP_6_8_I3,mixed_billions_usd_and_decimal_rates
2008,-126.1,AS003-B,SHAIKH_APP_6_8_I3,mixed_billions_usd_and_decimal_rates
2008,45.09999999999977,AS003-C,SHAIKH_APP_6_8_I3,mixed_billions_usd_and_decimal_rates
2008,0.07002046993935722,AS003-D,SHAIKH_APP_6_8_I3,mixed_billions_usd_and_decimal_rates
2008,0.06834012567179204,AS003-E,SHAIKH_APP_6_8_I3,mixed_billions_usd_and_decimal_rates
2008,0.07578789766422743,AS003-F,SHAIKH_APP_6_8_I3,mixed_billions_usd_and_decimal_rates
2008,0.13721881716353662,AS003-G,SHAIKH_APP_6_8_I3,mixed_billions_usd_and_decimal_rates
2009,-37.59999999999991,AS003-A,SHAIKH_APP_6_8_I3,mixed_billions_usd_and_decimal_rates
2009,-136.1,AS003-B,SHAIKH_APP_6_8_I3,mixed_billions_usd_and_decimal_rates
2009,173.6999999999999,AS003-C,SHAIKH_APP_6_8_I3,mixed_billions_usd_and_decimal_rates
2009,0.07656906550289798,AS003-D,SHAIKH_APP_6_8_I3,mixed_billions_usd_and_decimal_rates
2009,0.0753158776069417,AS003-E,SHAIKH_APP_6_8_I3,mixed_billions_usd_and_decimal_rates
2009,0.0809803889702167,AS003-F,SHAIKH_APP_6_8_I3,mixed_billions_usd_and_decimal_rates
2009,0.10197703625861765,AS003-G,SHAIKH_APP_6_8_I3,mixed_billions_usd_and_decimal_rates
2010,-39.200000000000045,AS003-A,SHAIKH_APP_6_8_I3,mixed_billions_usd_and_decimal_rates
2010,-148.6,AS003-B,SHAIKH_APP_6_8_I3,mixed_billions_usd_and_decimal_rates
2010,187.80000000000004,AS003-C,SHAIKH_APP_6_8_I3,mixed_billions_usd_and_decimal_rates
2010,0.10409807370550715,AS003-D,SHAIKH_APP_6_8_I3,mixed_billions_usd_and_decimal_rates
2010,0.1024193611878725,AS003-E,SHAIKH_APP_6_8_I3,mixed_billions_usd_and_decimal_rates
2010,0.10995316961819634,AS003-F,SHAIKH_APP_6_8_I3,mixed_billions_usd_and_decimal_rates
2010,0.13640510961724006,AS003-G,SHAIKH_APP_6_8_I3,mixed_billions_usd_and_decimal_rates
2011,-72.39999999999998,AS003-A,SHAIKH_APP_6_8_I3,mixed_billions_usd_and_decimal_rates
2011,-153.2,AS003-B,SHAIKH_APP_6_8_I3,mixed_billions_usd_and_decimal_rates
2011,225.59999999999997,AS003-C,SHAIKH_APP_6_8_I3,mixed_billions_usd_and_decimal_rates
2011,0.10885279879022157,AS003-D,SHAIKH_APP_6_8_I3,mixed_billions_usd_and_decimal_rates
2011,0.1068212949994613,AS003-E,SHAIKH_APP_6_8_I3,mixed_billions_usd_and_decimal_rates
2011,0.1160813253946611,AS003-F,SHAIKH_APP_6_8_I3,mixed_billions_usd_and_decimal_rates
2011,0.14985473403206104,AS003-G,SHAIKH_APP_6_8_I3,mixed_billions_usd_and_decimal_rates
